id,name,email,score,active
0,user_0,user0@example.com,0,0
1,user_1,user1@example.com,17,1
2,user_2,user2@example.com,34,0
3,user_3,user3@example.com,51,1
4,user_4,user4@example.com,68,0
5,user_5,user5@example.com,85,1
6,user_6,user6@example.com,2,0
7,user_7,user7@example.com,19,1
8,user_8,user8@example.com,36,0
9,user_9,user9@example.com,53,1
10,user_10,user10@example.com,70,0
11,user_11,user11@example.com,87,1
12,user_12,user12@example.com,4,0
13,user_13,user13@example.com,21,1
14,user_14,user14@example.com,38,0
15,user_15,user15@example.com,55,1
16,user_16,user16@example.com,72,0
17,user_17,user17@example.com,89,1
18,user_18,user18@example.com,6,0
19,user_19,user19@example.com,23,1
20,user_20,user20@example.com,40,0
21,user_21,user21@example.com,57,1
22,user_22,user22@example.com,74,0
23,user_23,user23@example.com,91,1
24,user_24,user24@example.com,8,0
25,user_25,user25@example.com,25,1
26,user_26,user26@example.com,42,0
27,user_27,user27@example.com,59,1
28,user_28,user28@example.com,76,0
29,user_29,user29@example.com,93,1
30,user_30,user30@example.com,10,0
31,user_31,user31@example.com,27,1
32,user_32,user32@example.com,44,0
33,user_33,user33@example.com,61,1
34,user_34,user34@example.com,78,0
35,user_35,user35@example.com,95,1
36,user_36,user36@example.com,12,0
37,user_37,user37@example.com,29,1
38,user_38,user38@example.com,46,0
39,user_39,user39@example.com,63,1
40,user_40,user40@example.com,80,0
41,user_41,user41@example.com,97,1
42,user_42,user42@example.com,14,0
43,user_43,user43@example.com,31,1
44,user_44,user44@example.com,48,0
45,user_45,user45@example.com,65,1
46,user_46,user46@example.com,82,0
47,user_47,user47@example.com,99,1
48,user_48,user48@example.com,16,0
49,user_49,user49@example.com,33,1
50,user_50,user50@example.com,50,0
51,user_51,user51@example.com,67,1
52,user_52,user52@example.com,84,0
53,user_53,user53@example.com,1,1
54,user_54,user54@example.com,18,0
55,user_55,user55@example.com,35,1
56,user_56,user56@example.com,52,0
57,user_57,user57@example.com,69,1
58,user_58,user58@example.com,86,0
59,user_59,user59@example.com,3,1
60,user_60,user60@example.com,20,0
61,user_61,user61@example.com,37,1
62,user_62,user62@example.com,54,0
63,user_63,user63@example.com,71,1
64,user_64,user64@example.com,88,0
65,user_65,user65@example.com,5,1
66,user_66,user66@example.com,22,0
67,user_67,user67@example.com,39,1
68,user_68,user68@example.com,56,0
69,user_69,user69@example.com,73,1
70,user_70,user70@example.com,90,0
71,user_71,user71@example.com,7,1
72,user_72,user72@example.com,24,0
73,user_73,user73@example.com,41,1
74,user_74,user74@example.com,58,0
75,user_75,user75@example.com,75,1
76,user_76,user76@example.com,92,0
77,user_77,user77@example.com,9,1
78,user_78,user78@example.com,26,0
79,user_79,user79@example.com,43,1
80,user_80,user80@example.com,60,0
81,user_81,user81@example.com,77,1
82,user_82,user82@example.com,94,0
83,user_83,user83@example.com,11,1
84,user_84,user84@example.com,28,0
85,user_85,user85@example.com,45,1
86,user_86,user86@example.com,62,0
87,user_87,user87@example.com,79,1
88,user_88,user88@example.com,96,0
89,user_89,user89@example.com,13,1
90,user_90,user90@example.com,30,0
91,user_91,user91@example.com,47,1
92,user_92,user92@example.com,64,0
93,user_93,user93@example.com,81,1
94,user_94,user94@example.com,98,0
95,user_95,user95@example.com,15,1
96,user_96,user96@example.com,32,0
97,user_97,user97@example.com,49,1
98,user_98,user98@example.com,66,0
99,user_99,user99@example.com,83,1
100,user_100,user100@example.com,0,0
101,user_101,user101@example.com,17,1
102,user_102,user102@example.com,34,0
103,user_103,user103@example.com,51,1
104,user_104,user104@example.com,68,0
105,user_105,user105@example.com,85,1
106,user_106,user106@example.com,2,0
107,user_107,user107@example.com,19,1
108,user_108,user108@example.com,36,0
109,user_109,user109@example.com,53,1
110,user_110,user110@example.com,70,0
111,user_111,user111@example.com,87,1
112,user_112,user112@example.com,4,0
113,user_113,user113@example.com,21,1
114,user_114,user114@example.com,38,0
115,user_115,user115@example.com,55,1
116,user_116,user116@example.com,72,0
117,user_117,user117@example.com,89,1
118,user_118,user118@example.com,6,0
119,user_119,user119@example.com,23,1
120,user_120,user120@example.com,40,0
121,user_121,user121@example.com,57,1
122,user_122,user122@example.com,74,0
123,user_123,user123@example.com,91,1
124,user_124,user124@example.com,8,0
125,user_125,user125@example.com,25,1
126,user_126,user126@example.com,42,0
127,user_127,user127@example.com,59,1
128,user_128,user128@example.com,76,0
129,user_129,user129@example.com,93,1
130,user_130,user130@example.com,10,0
131,user_131,user131@example.com,27,1
132,user_132,user132@example.com,44,0
133,user_133,user133@example.com,61,1
134,user_134,user134@example.com,78,0
135,user_135,user135@example.com,95,1
136,user_136,user136@example.com,12,0
137,user_137,user137@example.com,29,1
138,user_138,user138@example.com,46,0
139,user_139,user139@example.com,63,1
140,user_140,user140@example.com,80,0
141,user_141,user141@example.com,97,1
142,user_142,user142@example.com,14,0
143,user_143,user143@example.com,31,1
144,user_144,user144@example.com,48,0
145,user_145,user145@example.com,65,1
146,user_146,user146@example.com,82,0
147,user_147,user147@example.com,99,1
148,user_148,user148@example.com,16,0
149,user_149,user149@example.com,33,1
150,user_150,user150@example.com,50,0
151,user_151,user151@example.com,67,1
152,user_152,user152@example.com,84,0
153,user_153,user153@example.com,1,1
154,user_154,user154@example.com,18,0
155,user_155,user155@example.com,35,1
156,user_156,user156@example.com,52,0
157,user_157,user157@example.com,69,1
158,user_158,user158@example.com,86,0
159,user_159,user159@example.com,3,1
160,user_160,user160@example.com,20,0
161,user_161,user161@example.com,37,1
162,user_162,user162@example.com,54,0
163,user_163,user163@example.com,71,1
164,user_164,user164@example.com,88,0
165,user_165,user165@example.com,5,1
166,user_166,user166@example.com,22,0
167,user_167,user167@example.com,39,1
168,user_168,user168@example.com,56,0
169,user_169,user169@example.com,73,1
170,user_170,user170@example.com,90,0
171,user_171,user171@example.com,7,1
172,user_172,user172@example.com,24,0
173,user_173,user173@example.com,41,1
174,user_174,user174@example.com,58,0
175,user_175,user175@example.com,75,1
176,user_176,user176@example.com,92,0
177,user_177,user177@example.com,9,1
178,user_178,user178@example.com,26,0
179,user_179,user179@example.com,43,1
180,user_180,user180@example.com,60,0
181,user_181,user181@example.com,77,1
182,user_182,user182@example.com,94,0
183,user_183,user183@example.com,11,1
184,user_184,user184@example.com,28,0
185,user_185,user185@example.com,45,1
186,user_186,user186@example.com,62,0
187,user_187,user187@example.com,79,1
188,user_188,user188@example.com,96,0
189,user_189,user189@example.com,13,1
190,user_190,user190@example.com,30,0
191,user_191,user191@example.com,47,1
192,user_192,user192@example.com,64,0
193,user_193,user193@example.com,81,1
194,user_194,user194@example.com,98,0
195,user_195,user195@example.com,15,1
196,user_196,user196@example.com,32,0
197,user_197,user197@example.com,49,1
198,user_198,user198@example.com,66,0
199,user_199,user199@example.com,83,1
200,user_200,user200@example.com,0,0
201,user_201,user201@example.com,17,1
202,user_202,user202@example.com,34,0
203,user_203,user203@example.com,51,1
204,user_204,user204@example.com,68,0
205,user_205,user205@example.com,85,1
206,user_206,user206@example.com,2,0
207,user_207,user207@example.com,19,1
208,user_208,user208@example.com,36,0
209,user_209,user209@example.com,53,1
210,user_210,user210@example.com,70,0
211,user_211,user211@example.com,87,1
212,user_212,user212@example.com,4,0
213,user_213,user213@example.com,21,1
214,user_214,user214@example.com,38,0
215,user_215,user215@example.com,55,1
216,user_216,user216@example.com,72,0
217,user_217,user217@example.com,89,1
218,user_218,user218@example.com,6,0
219,user_219,user219@example.com,23,1
220,user_220,user220@example.com,40,0
221,user_221,user221@example.com,57,1
222,user_222,user222@example.com,74,0
223,user_223,user223@example.com,91,1
224,user_224,user224@example.com,8,0
225,user_225,user225@example.com,25,1
226,user_226,user226@example.com,42,0
227,user_227,user227@example.com,59,1
228,user_228,user228@example.com,76,0
229,user_229,user229@example.com,93,1
230,user_230,user230@example.com,10,0
231,user_231,user231@example.com,27,1
232,user_232,user232@example.com,44,0
233,user_233,user233@example.com,61,1
234,user_234,user234@example.com,78,0
235,user_235,user235@example.com,95,1
236,user_236,user236@example.com,12,0
237,user_237,user237@example.com,29,1
238,user_238,user238@example.com,46,0
239,user_239,user239@example.com,63,1
240,user_240,user240@example.com,80,0
241,user_241,user241@example.com,97,1
242,user_242,user242@example.com,14,0
243,user_243,user243@example.com,31,1
244,user_244,user244@example.com,48,0
245,user_245,user245@example.com,65,1
246,user_246,user246@example.com,82,0
247,user_247,user247@example.com,99,1
248,user_248,user248@example.com,16,0
249,user_249,user249@example.com,33,1
250,user_250,user250@example.com,50,0
251,user_251,user251@example.com,67,1
252,user_252,user252@example.com,84,0
253,user_253,user253@example.com,1,1
254,user_254,user254@example.com,18,0
255,user_255,user255@example.com,35,1
256,user_256,user256@example.com,52,0
257,user_257,user257@example.com,69,1
258,user_258,user258@example.com,86,0
259,user_259,user259@example.com,3,1
260,user_260,user260@example.com,20,0
261,user_261,user261@example.com,37,1
262,user_262,user262@example.com,54,0
263,user_263,user263@example.com,71,1
264,user_264,user264@example.com,88,0
265,user_265,user265@example.com,5,1
266,user_266,user266@example.com,22,0
267,user_267,user267@example.com,39,1
268,user_268,user268@example.com,56,0
269,user_269,user269@example.com,73,1
270,user_270,user270@example.com,90,0
271,user_271,user271@example.com,7,1
272,user_272,user272@example.com,24,0
273,user_273,user273@example.com,41,1
274,user_274,user274@example.com,58,0
275,user_275,user275@example.com,75,1
276,user_276,user276@example.com,92,0
277,user_277,user277@example.com,9,1
278,user_278,user278@example.com,26,0
279,user_279,user279@example.com,43,1
280,user_280,user280@example.com,60,0
281,user_281,user281@example.com,77,1
282,user_282,user282@example.com,94,0
283,user_283,user283@example.com,11,1
284,user_284,user284@example.com,28,0
285,user_285,user285@example.com,45,1
286,user_286,user286@example.com,62,0
287,user_287,user287@example.com,79,1
288,user_288,user288@example.com,96,0
289,user_289,user289@example.com,13,1
290,user_290,user290@example.com,30,0
291,user_291,user291@example.com,47,1
292,user_292,user292@example.com,64,0
293,user_293,user293@example.com,81,1
294,user_294,user294@example.com,98,0
295,user_295,user295@example.com,15,1
296,user_296,user296@example.com,32,0
297,user_297,user297@example.com,49,1
298,user_298,user298@example.com,66,0
299,user_299,user299@example.com,83,1
300,user_300,user300@example.com,0,0
301,user_301,user301@example.com,17,1
302,user_302,user302@example.com,34,0
303,user_303,user303@example.com,51,1
304,user_304,user304@example.com,68,0
305,user_305,user305@example.com,85,1
306,user_306,user306@example.com,2,0
307,user_307,user307@example.com,19,1
308,user_308,user308@example.com,36,0
309,user_309,user309@example.com,53,1
310,user_310,user310@example.com,70,0
311,user_311,user311@example.com,87,1
312,user_312,user312@example.com,4,0
313,user_313,user313@example.com,21,1
314,user_314,user314@example.com,38,0
315,user_315,user315@example.com,55,1
316,user_316,user316@example.com,72,0
317,user_317,user317@example.com,89,1
318,user_318,user318@example.com,6,0
319,user_319,user319@example.com,23,1
320,user_320,user320@example.com,40,0
321,user_321,user321@example.com,57,1
322,user_322,user322@example.com,74,0
323,user_323,user323@example.com,91,1
324,user_324,user324@example.com,8,0
325,user_325,user325@example.com,25,1
326,user_326,user326@example.com,42,0
327,user_327,user327@example.com,59,1
328,user_328,user328@example.com,76,0
329,user_329,user329@example.com,93,1
330,user_330,user330@example.com,10,0
331,user_331,user331@example.com,27,1
332,user_332,user332@example.com,44,0
333,user_333,user333@example.com,61,1
334,user_334,user334@example.com,78,0
335,user_335,user335@example.com,95,1
336,user_336,user336@example.com,12,0
337,user_337,user337@example.com,29,1
338,user_338,user338@example.com,46,0
339,user_339,user339@example.com,63,1
340,user_340,user340@example.com,80,0
341,user_341,user341@example.com,97,1
342,user_342,user342@example.com,14,0
343,user_343,user343@example.com,31,1
344,user_344,user344@example.com,48,0
345,user_345,user345@example.com,65,1
346,user_346,user346@example.com,82,0
347,user_347,user347@example.com,99,1
348,user_348,user348@example.com,16,0
349,user_349,user349@example.com,33,1
350,user_350,user350@example.com,50,0
351,user_351,user351@example.com,67,1
352,user_352,user352@example.com,84,0
353,user_353,user353@example.com,1,1
354,user_354,user354@example.com,18,0
355,user_355,user355@example.com,35,1
356,user_356,user356@example.com,52,0
357,user_357,user357@example.com,69,1
358,user_358,user358@example.com,86,0
359,user_359,user359@example.com,3,1
360,user_360,user360@example.com,20,0
361,user_361,user361@example.com,37,1
362,user_362,user362@example.com,54,0
363,user_363,user363@example.com,71,1
364,user_364,user364@example.com,88,0
365,user_365,user365@example.com,5,1
366,user_366,user366@example.com,22,0
367,user_367,user367@example.com,39,1
368,user_368,user368@example.com,56,0
369,user_369,user369@example.com,73,1
370,user_370,user370@example.com,90,0
371,user_371,user371@example.com,7,1
372,user_372,user372@example.com,24,0
373,user_373,user373@example.com,41,1
374,user_374,user374@example.com,58,0
375,user_375,user375@example.com,75,1
376,user_376,user376@example.com,92,0
377,user_377,user377@example.com,9,1
378,user_378,user378@example.com,26,0
379,user_379,user379@example.com,43,1
380,user_380,user380@example.com,60,0
381,user_381,user381@example.com,77,1
382,user_382,user382@example.com,94,0
383,user_383,user383@example.com,11,1
384,user_384,user384@example.com,28,0
385,user_385,user385@example.com,45,1
386,user_386,user386@example.com,62,0
387,user_387,user387@example.com,79,1
388,user_388,user388@example.com,96,0
389,user_389,user389@example.com,13,1
390,user_390,user390@example.com,30,0
391,user_391,user391@example.com,47,1
392,user_392,user392@example.com,64,0
393,user_393,user393@example.com,81,1
394,user_394,user394@example.com,98,0
395,user_395,user395@example.com,15,1
396,user_396,user396@example.com,32,0
397,user_397,user397@example.com,49,1
398,user_398,user398@example.com,66,0
399,user_399,user399@example.com,83,1
400,user_400,user400@example.com,0,0
401,user_401,user401@example.com,17,1
402,user_402,user402@example.com,34,0
403,user_403,user403@example.com,51,1
404,user_404,user404@example.com,68,0
405,user_405,user405@example.com,85,1
406,user_406,user406@example.com,2,0
407,user_407,user407@example.com,19,1
408,user_408,user408@example.com,36,0
409,user_409,user409@example.com,53,1
410,user_410,user410@example.com,70,0
411,user_411,user411@example.com,87,1
412,user_412,user412@example.com,4,0
413,user_413,user413@example.com,21,1
414,user_414,user414@example.com,38,0
415,user_415,user415@example.com,55,1
416,user_416,user416@example.com,72,0
417,user_417,user417@example.com,89,1
418,user_418,user418@example.com,6,0
419,user_419,user419@example.com,23,1
420,user_420,user420@example.com,40,0
421,user_421,user421@example.com,57,1
422,user_422,user422@example.com,74,0
423,user_423,user423@example.com,91,1
424,user_424,user424@example.com,8,0
425,user_425,user425@example.com,25,1
426,user_426,user426@example.com,42,0
427,user_427,user427@example.com,59,1
428,user_428,user428@example.com,76,0
429,user_429,user429@example.com,93,1
430,user_430,user430@example.com,10,0
431,user_431,user431@example.com,27,1
432,user_432,user432@example.com,44,0
433,user_433,user433@example.com,61,1
434,user_434,user434@example.com,78,0
435,user_435,user435@example.com,95,1
436,user_436,user436@example.com,12,0
437,user_437,user437@example.com,29,1
438,user_438,user438@example.com,46,0
439,user_439,user439@example.com,63,1
440,user_440,user440@example.com,80,0
441,user_441,user441@example.com,97,1
442,user_442,user442@example.com,14,0
443,user_443,user443@example.com,31,1
444,user_444,user444@example.com,48,0
445,user_445,user445@example.com,65,1
446,user_446,user446@example.com,82,0
447,user_447,user447@example.com,99,1
448,user_448,user448@example.com,16,0
449,user_449,user449@example.com,33,1
450,user_450,user450@example.com,50,0
451,user_451,user451@example.com,67,1
452,user_452,user452@example.com,84,0
453,user_453,user453@example.com,1,1
454,user_454,user454@example.com,18,0
455,user_455,user455@example.com,35,1
456,user_456,user456@example.com,52,0
457,user_457,user457@example.com,69,1
458,user_458,user458@example.com,86,0
459,user_459,user459@example.com,3,1
460,user_460,user460@example.com,20,0
461,user_461,user461@example.com,37,1
462,user_462,user462@example.com,54,0
463,user_463,user463@example.com,71,1
464,user_464,user464@example.com,88,0
465,user_465,user465@example.com,5,1
466,user_466,user466@example.com,22,0
467,user_467,user467@example.com,39,1
468,user_468,user468@example.com,56,0
469,user_469,user469@example.com,73,1
470,user_470,user470@example.com,90,0
471,user_471,user471@example.com,7,1
472,user_472,user472@example.com,24,0
473,user_473,user473@example.com,41,1
474,user_474,user474@example.com,58,0
475,user_475,user475@example.com,75,1
476,user_476,user476@example.com,92,0
477,user_477,user477@example.com,9,1
478,user_478,user478@example.com,26,0
479,user_479,user479@example.com,43,1
480,user_480,user480@example.com,60,0
481,user_481,user481@example.com,77,1
482,user_482,user482@example.com,94,0
483,user_483,user483@example.com,11,1
484,user_484,user484@example.com,28,0
485,user_485,user485@example.com,45,1
486,user_486,user486@example.com,62,0
487,user_487,user487@example.com,79,1
488,user_488,user488@example.com,96,0
489,user_489,user489@example.com,13,1
490,user_490,user490@example.com,30,0
491,user_491,user491@example.com,47,1
492,user_492,user492@example.com,64,0
493,user_493,user493@example.com,81,1
494,user_494,user494@example.com,98,0
495,user_495,user495@example.com,15,1
496,user_496,user496@example.com,32,0
497,user_497,user497@example.com,49,1
498,user_498,user498@example.com,66,0
499,user_499,user499@example.com,83,1
500,user_500,user500@example.com,0,0
501,user_501,user501@example.com,17,1
502,user_502,user502@example.com,34,0
503,user_503,user503@example.com,51,1
504,user_504,user504@example.com,68,0
505,user_505,user505@example.com,85,1
506,user_506,user506@example.com,2,0
507,user_507,user507@example.com,19,1
508,user_508,user508@example.com,36,0
509,user_509,user509@example.com,53,1
510,user_510,user510@example.com,70,0
511,user_511,user511@example.com,87,1
512,user_512,user512@example.com,4,0
513,user_513,user513@example.com,21,1
514,user_514,user514@example.com,38,0
515,user_515,user515@example.com,55,1
516,user_516,user516@example.com,72,0
517,user_517,user517@example.com,89,1
518,user_518,user518@example.com,6,0
519,user_519,user519@example.com,23,1
520,user_520,user520@example.com,40,0
521,user_521,user521@example.com,57,1
522,user_522,user522@example.com,74,0
523,user_523,user523@example.com,91,1
524,user_524,user524@example.com,8,0
525,user_525,user525@example.com,25,1
526,user_526,user526@example.com,42,0
527,user_527,user527@example.com,59,1
528,user_528,user528@example.com,76,0
529,user_529,user529@example.com,93,1
530,user_530,user530@example.com,10,0
531,user_531,user531@example.com,27,1
532,user_532,user532@example.com,44,0
533,user_533,user533@example.com,61,1
534,user_534,user534@example.com,78,0
535,user_535,user535@example.com,95,1
536,user_536,user536@example.com,12,0
537,user_537,user537@example.com,29,1
538,user_538,user538@example.com,46,0
539,user_539,user539@example.com,63,1
540,user_540,user540@example.com,80,0
541,user_541,user541@example.com,97,1
542,user_542,user542@example.com,14,0
543,user_543,user543@example.com,31,1
544,user_544,user544@example.com,48,0
545,user_545,user545@example.com,65,1
546,user_546,user546@example.com,82,0
547,user_547,user547@example.com,99,1
548,user_548,user548@example.com,16,0
549,user_549,user549@example.com,33,1
550,user_550,user550@example.com,50,0
551,user_551,user551@example.com,67,1
552,user_552,user552@example.com,84,0
553,user_553,user553@example.com,1,1
554,user_554,user554@example.com,18,0
555,user_555,user555@example.com,35,1
556,user_556,user556@example.com,52,0
557,user_557,user557@example.com,69,1
558,user_558,user558@example.com,86,0
559,user_559,user559@example.com,3,1
560,user_560,user560@example.com,20,0
561,user_561,user561@example.com,37,1
562,user_562,user562@example.com,54,0
563,user_563,user563@example.com,71,1
564,user_564,user564@example.com,88,0
565,user_565,user565@example.com,5,1
566,user_566,user566@example.com,22,0
567,user_567,user567@example.com,39,1
568,user_568,user568@example.com,56,0
569,user_569,user569@example.com,73,1
570,user_570,user570@example.com,90,0
571,user_571,user571@example.com,7,1
572,user_572,user572@example.com,24,0
573,user_573,user573@example.com,41,1
574,user_574,user574@example.com,58,0
575,user_575,user575@example.com,75,1
576,user_576,user576@example.com,92,0
577,user_577,user577@example.com,9,1
578,user_578,user578@example.com,26,0
579,user_579,user579@example.com,43,1
580,user_580,user580@example.com,60,0
581,user_581,user581@example.com,77,1
582,user_582,user582@example.com,94,0
583,user_583,user583@example.com,11,1
584,user_584,user584@example.com,28,0
585,user_585,user585@example.com,45,1
586,user_586,user586@example.com,62,0
587,user_587,user587@example.com,79,1
588,user_588,user588@example.com,96,0
589,user_589,user589@example.com,13,1
590,user_590,user590@example.com,30,0
591,user_591,user591@example.com,47,1
592,user_592,user592@example.com,64,0
593,user_593,user593@example.com,81,1
594,user_594,user594@example.com,98,0
595,user_595,user595@example.com,15,1
596,user_596,user596@example.com,32,0
597,user_597,user597@example.com,49,1
598,user_598,user598@example.com,66,0
599,user_599,user599@example.com,83,1
600,user_600,user600@example.com,0,0
601,user_601,user601@example.com,17,1
602,user_602,user602@example.com,34,0
603,user_603,user603@example.com,51,1
604,user_604,user604@example.com,68,0
605,user_605,user605@example.com,85,1
606,user_606,user606@example.com,2,0
607,user_607,user607@example.com,19,1
608,user_608,user608@example.com,36,0
609,user_609,user609@example.com,53,1
610,user_610,user610@example.com,70,0
611,user_611,user611@example.com,87,1
612,user_612,user612@example.com,4,0
613,user_613,user613@example.com,21,1
614,user_614,user614@example.com,38,0
615,user_615,user615@example.com,55,1
616,user_616,user616@example.com,72,0
617,user_617,user617@example.com,89,1
618,user_618,user618@example.com,6,0
619,user_619,user619@example.com,23,1
620,user_620,user620@example.com,40,0
621,user_621,user621@example.com,57,1
622,user_622,user622@example.com,74,0
623,user_623,user623@example.com,91,1
624,user_624,user624@example.com,8,0
625,user_625,user625@example.com,25,1
626,user_626,user626@example.com,42,0
627,user_627,user627@example.com,59,1
628,user_628,user628@example.com,76,0
629,user_629,user629@example.com,93,1
630,user_630,user630@example.com,10,0
631,user_631,user631@example.com,27,1
632,user_632,user632@example.com,44,0
633,user_633,user633@example.com,61,1
634,user_634,user634@example.com,78,0
635,user_635,user635@example.com,95,1
636,user_636,user636@example.com,12,0
637,user_637,user637@example.com,29,1
638,user_638,user638@example.com,46,0
639,user_639,user639@example.com,63,1
640,user_640,user640@example.com,80,0
641,user_641,user641@example.com,97,1
642,user_642,user642@example.com,14,0
643,user_643,user643@example.com,31,1
644,user_644,user644@example.com,48,0
645,user_645,user645@example.com,65,1
646,user_646,user646@example.com,82,0
647,user_647,user647@example.com,99,1
648,user_648,user648@example.com,16,0
649,user_649,user649@example.com,33,1
650,user_650,user650@example.com,50,0
651,user_651,user651@example.com,67,1
652,user_652,user652@example.com,84,0
653,user_653,user653@example.com,1,1
654,user_654,user654@example.com,18,0
655,user_655,user655@example.com,35,1
656,user_656,user656@example.com,52,0
657,user_657,user657@example.com,69,1
658,user_658,user658@example.com,86,0
659,user_659,user659@example.com,3,1
660,user_660,user660@example.com,20,0
661,user_661,user661@example.com,37,1
662,user_662,user662@example.com,54,0
663,user_663,user663@example.com,71,1
664,user_664,user664@example.com,88,0
665,user_665,user665@example.com,5,1
666,user_666,user666@example.com,22,0
667,user_667,user667@example.com,39,1
668,user_668,user668@example.com,56,0
669,user_669,user669@example.com,73,1
670,user_670,user670@example.com,90,0
671,user_671,user671@example.com,7,1
672,user_672,user672@example.com,24,0
673,user_673,user673@example.com,41,1
674,user_674,user674@example.com,58,0
675,user_675,user675@example.com,75,1
676,user_676,user676@example.com,92,0
677,user_677,user677@example.com,9,1
678,user_678,user678@example.com,26,0
679,user_679,user679@example.com,43,1
680,user_680,user680@example.com,60,0
681,user_681,user681@example.com,77,1
682,user_682,user682@example.com,94,0
683,user_683,user683@example.com,11,1
684,user_684,user684@example.com,28,0
685,user_685,user685@example.com,45,1
686,user_686,user686@example.com,62,0
687,user_687,user687@example.com,79,1
688,user_688,user688@example.com,96,0
689,user_689,user689@example.com,13,1
690,user_690,user690@example.com,30,0
691,user_691,user691@example.com,47,1
692,user_692,user692@example.com,64,0
693,user_693,user693@example.com,81,1
694,user_694,user694@example.com,98,0
695,user_695,user695@example.com,15,1
696,user_696,user696@example.com,32,0
697,user_697,user697@example.com,49,1
698,user_698,user698@example.com,66,0
699,user_699,user699@example.com,83,1
700,user_700,user700@example.com,0,0
701,user_701,user701@example.com,17,1
702,user_702,user702@example.com,34,0
703,user_703,user703@example.com,51,1
704,user_704,user704@example.com,68,0
705,user_705,user705@example.com,85,1
706,user_706,user706@example.com,2,0
707,user_707,user707@example.com,19,1
708,user_708,user708@example.com,36,0
709,user_709,user709@example.com,53,1
710,user_710,user710@example.com,70,0
711,user_711,user711@example.com,87,1
712,user_712,user712@example.com,4,0
713,user_713,user713@example.com,21,1
714,user_714,user714@example.com,38,0
715,user_715,user715@example.com,55,1
716,user_716,user716@example.com,72,0
717,user_717,user717@example.com,89,1
718,user_718,user718@example.com,6,0
719,user_719,user719@example.com,23,1
720,user_720,user720@example.com,40,0
721,user_721,user721@example.com,57,1
722,user_722,user722@example.com,74,0
723,user_723,user723@example.com,91,1
724,user_724,user724@example.com,8,0
725,user_725,user725@example.com,25,1
726,user_726,user726@example.com,42,0
727,user_727,user727@example.com,59,1
728,user_728,user728@example.com,76,0
729,user_729,user729@example.com,93,1
730,user_730,user730@example.com,10,0
731,user_731,user731@example.com,27,1
732,user_732,user732@example.com,44,0
733,user_733,user733@example.com,61,1
734,user_734,user734@example.com,78,0
735,user_735,user735@example.com,95,1
736,user_736,user736@example.com,12,0
737,user_737,user737@example.com,29,1
738,user_738,user738@example.com,46,0
739,user_739,user739@example.com,63,1
740,user_740,user740@example.com,80,0
741,user_741,user741@example.com,97,1
742,user_742,user742@example.com,14,0
743,user_743,user743@example.com,31,1
744,user_744,user744@example.com,48,0
745,user_745,user745@example.com,65,1
746,user_746,user746@example.com,82,0
747,user_747,user747@example.com,99,1
748,user_748,user748@example.com,16,0
749,user_749,user749@example.com,33,1
750,user_750,user750@example.com,50,0
751,user_751,user751@example.com,67,1
752,user_752,user752@example.com,84,0
753,user_753,user753@example.com,1,1
754,user_754,user754@example.com,18,0
755,user_755,user755@example.com,35,1
756,user_756,user756@example.com,52,0
757,user_757,user757@example.com,69,1
758,user_758,user758@example.com,86,0
759,user_759,user759@example.com,3,1
760,user_760,user760@example.com,20,0
761,user_761,user761@example.com,37,1
762,user_762,user762@example.com,54,0
763,user_763,user763@example.com,71,1
764,user_764,user764@example.com,88,0
765,user_765,user765@example.com,5,1
766,user_766,user766@example.com,22,0
767,user_767,user767@example.com,39,1
768,user_768,user768@example.com,56,0
769,user_769,user769@example.com,73,1
770,user_770,user770@example.com,90,0
771,user_771,user771@example.com,7,1
772,user_772,user772@example.com,24,0
773,user_773,user773@example.com,41,1
774,user_774,user774@example.com,58,0
775,user_775,user775@example.com,75,1
776,user_776,user776@example.com,92,0
777,user_777,user777@example.com,9,1
778,user_778,user778@example.com,26,0
779,user_779,user779@example.com,43,1
780,user_780,user780@example.com,60,0
781,user_781,user781@example.com,77,1
782,user_782,user782@example.com,94,0
783,user_783,user783@example.com,11,1
784,user_784,user784@example.com,28,0
785,user_785,user785@example.com,45,1
786,user_786,user786@example.com,62,0
787,user_787,user787@example.com,79,1
788,user_788,user788@example.com,96,0
789,user_789,user789@example.com,13,1
790,user_790,user790@example.com,30,0
791,user_791,user791@example.com,47,1
792,user_792,user792@example.com,64,0
793,user_793,user793@example.com,81,1
794,user_794,user794@example.com,98,0
795,user_795,user795@example.com,15,1
796,user_796,user796@example.com,32,0
797,user_797,user797@example.com,49,1
798,user_798,user798@example.com,66,0
799,user_799,user799@example.com,83,1
800,user_800,user800@example.com,0,0
801,user_801,user801@example.com,17,1
802,user_802,user802@example.com,34,0
803,user_803,user803@example.com,51,1
804,user_804,user804@example.com,68,0
805,user_805,user805@example.com,85,1
806,user_806,user806@example.com,2,0
807,user_807,user807@example.com,19,1
808,user_808,user808@example.com,36,0
809,user_809,user809@example.com,53,1
810,user_810,user810@example.com,70,0
811,user_811,user811@example.com,87,1
812,user_812,user812@example.com,4,0
813,user_813,user813@example.com,21,1
814,user_814,user814@example.com,38,0
815,user_815,user815@example.com,55,1
816,user_816,user816@example.com,72,0
817,user_817,user817@example.com,89,1
818,user_818,user818@example.com,6,0
819,user_819,user819@example.com,23,1
820,user_820,user820@example.com,40,0
821,user_821,user821@example.com,57,1
822,user_822,user822@example.com,74,0
823,user_823,user823@example.com,91,1
824,user_824,user824@example.com,8,0
825,user_825,user825@example.com,25,1
826,user_826,user826@example.com,42,0
827,user_827,user827@example.com,59,1
828,user_828,user828@example.com,76,0
829,user_829,user829@example.com,93,1
830,user_830,user830@example.com,10,0
831,user_831,user831@example.com,27,1
832,user_832,user832@example.com,44,0
833,user_833,user833@example.com,61,1
834,user_834,user834@example.com,78,0
835,user_835,user835@example.com,95,1
836,user_836,user836@example.com,12,0
837,user_837,user837@example.com,29,1
838,user_838,user838@example.com,46,0
839,user_839,user839@example.com,63,1
840,user_840,user840@example.com,80,0
841,user_841,user841@example.com,97,1
842,user_842,user842@example.com,14,0
843,user_843,user843@example.com,31,1
844,user_844,user844@example.com,48,0
845,user_845,user845@example.com,65,1
846,user_846,user846@example.com,82,0
847,user_847,user847@example.com,99,1
848,user_848,user848@example.com,16,0
849,user_849,user849@example.com,33,1
850,user_850,user850@example.com,50,0
851,user_851,user851@example.com,67,1
852,user_852,user852@example.com,84,0
853,user_853,user853@example.com,1,1
854,user_854,user854@example.com,18,0
855,user_855,user855@example.com,35,1
856,user_856,user856@example.com,52,0
857,user_857,user857@example.com,69,1
858,user_858,user858@example.com,86,0
859,user_859,user859@example.com,3,1
860,user_860,user860@example.com,20,0
861,user_861,user861@example.com,37,1
862,user_862,user862@example.com,54,0
863,user_863,user863@example.com,71,1
864,user_864,user864@example.com,88,0
865,user_865,user865@example.com,5,1
866,user_866,user866@example.com,22,0
867,user_867,user867@example.com,39,1
868,user_868,user868@example.com,56,0
869,user_869,user869@example.com,73,1
870,user_870,user870@example.com,90,0
871,user_871,user871@example.com,7,1
872,user_872,user872@example.com,24,0
873,user_873,user873@example.com,41,1
874,user_874,user874@example.com,58,0
875,user_875,user875@example.com,75,1
876,user_876,user876@example.com,92,0
877,user_877,user877@example.com,9,1
878,user_878,user878@example.com,26,0
879,user_879,user879@example.com,43,1
880,user_880,user880@example.com,60,0
881,user_881,user881@example.com,77,1
882,user_882,user882@example.com,94,0
883,user_883,user883@example.com,11,1
884,user_884,user884@example.com,28,0
885,user_885,user885@example.com,45,1
886,user_886,user886@example.com,62,0
887,user_887,user887@example.com,79,1
888,user_888,user888@example.com,96,0
889,user_889,user889@example.com,13,1
890,user_890,user890@example.com,30,0
891,user_891,user891@example.com,47,1
892,user_892,user892@example.com,64,0
893,user_893,user893@example.com,81,1
894,user_894,user894@example.com,98,0
895,user_895,user895@example.com,15,1
896,user_896,user896@example.com,32,0
897,user_897,user897@example.com,49,1
898,user_898,user898@example.com,66,0
899,user_899,user899@example.com,83,1
900,user_900,user900@example.com,0,0
901,user_901,user901@example.com,17,1
902,user_902,user902@example.com,34,0
903,user_903,user903@example.com,51,1
904,user_904,user904@example.com,68,0
905,user_905,user905@example.com,85,1
906,user_906,user906@example.com,2,0
907,user_907,user907@example.com,19,1
908,user_908,user908@example.com,36,0
909,user_909,user909@example.com,53,1
910,user_910,user910@example.com,70,0
911,user_911,user911@example.com,87,1
912,user_912,user912@example.com,4,0
913,user_913,user913@example.com,21,1
914,user_914,user914@example.com,38,0
915,user_915,user915@example.com,55,1
916,user_916,user916@example.com,72,0
917,user_917,user917@example.com,89,1
918,user_918,user918@example.com,6,0
919,user_919,user919@example.com,23,1
920,user_920,user920@example.com,40,0
921,user_921,user921@example.com,57,1
922,user_922,user922@example.com,74,0
923,user_923,user923@example.com,91,1
924,user_924,user924@example.com,8,0
925,user_925,user925@example.com,25,1
926,user_926,user926@example.com,42,0
927,user_927,user927@example.com,59,1
928,user_928,user928@example.com,76,0
929,user_929,user929@example.com,93,1
930,user_930,user930@example.com,10,0
931,user_931,user931@example.com,27,1
932,user_932,user932@example.com,44,0
933,user_933,user933@example.com,61,1
934,user_934,user934@example.com,78,0
935,user_935,user935@example.com,95,1
936,user_936,user936@example.com,12,0
937,user_937,user937@example.com,29,1
938,user_938,user938@example.com,46,0
939,user_939,user939@example.com,63,1
940,user_940,user940@example.com,80,0
941,user_941,user941@example.com,97,1
942,user_942,user942@example.com,14,0
943,user_943,user943@example.com,31,1
944,user_944,user944@example.com,48,0
945,user_945,user945@example.com,65,1
946,user_946,user946@example.com,82,0
947,user_947,user947@example.com,99,1
948,user_948,user948@example.com,16,0
949,user_949,user949@example.com,33,1
950,user_950,user950@example.com,50,0
951,user_951,user951@example.com,67,1
952,user_952,user952@example.com,84,0
953,user_953,user953@example.com,1,1
954,user_954,user954@example.com,18,0
955,user_955,user955@example.com,35,1
956,user_956,user956@example.com,52,0
957,user_957,user957@example.com,69,1
958,user_958,user958@example.com,86,0
959,user_959,user959@example.com,3,1
960,user_960,user960@example.com,20,0
961,user_961,user961@example.com,37,1
962,user_962,user962@example.com,54,0
963,user_963,user963@example.com,71,1
964,user_964,user964@example.com,88,0
965,user_965,user965@example.com,5,1
966,user_966,user966@example.com,22,0
967,user_967,user967@example.com,39,1
968,user_968,user968@example.com,56,0
969,user_969,user969@example.com,73,1
970,user_970,user970@example.com,90,0
971,user_971,user971@example.com,7,1
972,user_972,user972@example.com,24,0
973,user_973,user973@example.com,41,1
974,user_974,user974@example.com,58,0
975,user_975,user975@example.com,75,1
976,user_976,user976@example.com,92,0
977,user_977,user977@example.com,9,1
978,user_978,user978@example.com,26,0
979,user_979,user979@example.com,43,1
980,user_980,user980@example.com,60,0
981,user_981,user981@example.com,77,1
982,user_982,user982@example.com,94,0
983,user_983,user983@example.com,11,1
984,user_984,user984@example.com,28,0
985,user_985,user985@example.com,45,1
986,user_986,user986@example.com,62,0
987,user_987,user987@example.com,79,1
988,user_988,user988@example.com,96,0
989,user_989,user989@example.com,13,1
990,user_990,user990@example.com,30,0
991,user_991,user991@example.com,47,1
992,user_992,user992@example.com,64,0
993,user_993,user993@example.com,81,1
994,user_994,user994@example.com,98,0
995,user_995,user995@example.com,15,1
996,user_996,user996@example.com,32,0
997,user_997,user997@example.com,49,1
998,user_998,user998@example.com,66,0
999,user_999,user999@example.com,83,1
